Workbook

Sheet 总计
A1: 水、电、燃气和电话费的统计
A2: 月份 | B2: 用水量 （吨） | C2: 水费 （元） | D2: 用电量 （度） | E2: 电费 （元） | F2: 用气量 （m3) | G2: 燃气费 （元） | H2: 电话费 （元） | I2: 小计 （元） | K2: 单价
A3: 1月 | B3: 16 | C3: =B3*$L$3 -> 26.56 | D3: 103 | E3: =D3*$L$4 -> 62.83 | F3: 26 | G3: =L$5*F3 -> 23.4 | H3: =VLOOKUP(A3,电话费!A$3:B$12,2,FALSE) -> 89.6 | I3: =C3+E3+G3 -> 112.79 | K3: 水费（元/吨） | L3: 1.66
A4: 2月 | B4: 10 | C4: =B4*$L$3 -> 16.6 | D4: 80 | E4: =D4*$L$4 -> 48.8 | F4: 21 | G4: =L$5*F4 -> 18.9 | H4: =VLOOKUP(A4,电话费!A$3:B$12,2,FALSE) -> 58.9 | I4: =C4+E4+G4 -> 84.3 | K4: 电费（元/度） | L4: 0.61
A5: 3月 | B5: 9 | C5: =B5*$L$3 -> 14.94 | D5: 82 | E5: =D5*$L$4 -> 50.02 | F5: 20 | G5: =L$5*F5 -> 18 | H5: =VLOOKUP(A5,电话费!A$3:B$12,2,FALSE) -> 67.6 | I5: =C5+E5+G5 -> 82.96 | K5: 燃气费（元/m3) | L5: 0.9
A6: 4月 | B6: 11 | C6: =B6*$L$3 -> 18.26 | D6: 78 | E6: =D6*$L$4 -> 47.58 | F6: 22 | G6: =L$5*F6 -> 19.8 | H6: =VLOOKUP(A6,电话费!A$3:B$12,2,FALSE) -> 78 | I6: =C6+E6+G6 -> 85.64
A7: 5月 | B7: 10 | C7: =B7*$L$3 -> 16.6 | D7: 81 | E7: =D7*$L$4 -> 49.41 | F7: 19 | G7: =L$5*F7 -> 17.1 | H7: =VLOOKUP(A7,电话费!A$3:B$12,2,FALSE) -> 64.3 | I7: =C7+E7+G7 -> 83.11
A8: 6月 | B8: 12 | C8: =B8*$L$3 -> 19.92 | D8: 79 | E8: =D8*$L$4 -> 48.19 | F8: 20 | G8: =L$5*F8 -> 18 | H8: 66.3 | I8: =C8+E8+G8 -> 86.11
A9: 7月 | B9: 18 | C9: =B9*$L$3 -> 29.88 | D9: 114 | E9: =D9*$L$4 -> 69.54 | F9: 17 | G9: =L$5*F9 -> 15.3 | H9: 120.8 | I9: =C9+E9+G9 -> 114.72
A10: 8月 | B10: 19 | C10: =B10*$L$3 -> 31.54 | D10: 116 | E10: =D10*$L$4 -> 70.76 | F10: 18 | G10: =L$5*F10 -> 16.2 | H10: 120.8 | I10: =C10+E10+G10 -> 118.5
A11: 9月 | B11: 12 | C11: =B11*$L$3 -> 19.92 | D11: 83 | E11: =D11*$L$4 -> 50.63 | F11: 21 | G11: =L$5*F11 -> 18.9 | H11: 70.1 | I11: =C11+E11+G11 -> 89.45
A12: 10月 | B12: 10 | C12: =B12*$L$3 -> 16.6 | D12: 81 | E12: =D12*$L$4 -> 49.41 | F12: 23 | G12: =L$5*F12 -> 20.7 | H12: 65.5 | I12: =C12+E12+G12 -> 86.71
A13: 11月 | B13: 11 | C13: =B13*$L$3 -> 18.26 | D13: 82 | E13: =D13*$L$4 -> 50.02 | F13: 22 | G13: =L$5*F13 -> 19.8 | H13: 63.9 | I13: =C13+E13+G13 -> 88.08
A14: 12月 | B14: 9 | C14: =B14*$L$3 -> 14.94 | D14: 90 | E14: =D14*$L$4 -> 54.9 | F14: 23 | G14: =L$5*F14 -> 20.7 | H14: 66.7 | I14: =C14+E14+G14 -> 90.54

Sheet 电话费
A1: 电话费统计
A2: 月份 | B2: 电话费 （元）
A3: 2月 | B3: 58.9
A4: 1月 | B4: 89.6
A5: 7月 | B5: 120.8
A6: 5月 | B6: 64.3
A7: 8月 | B7: 108.9
A8: 4月 | B8: 78
A9: 6月 | B9: 66.3
A10: 9月 | B10: 70.1
A11: 12月 | B11: 66.7
A12: 3月 | B12: 67.6
